subject,accuracy,kappa,precision,recall,f1
A01,0.6724137931034483,0.5625248114331083,0.6915584415584416,0.6749999999999999,0.6718324918324918
A02,0.5,0.3309466984884646,0.6068627450980393,0.4928571428571428,0.4818674683949826
A03,0.8103448275862069,0.7473267326732673,0.8089043309631544,0.8130952380952381,0.8077030033370411
A04,0.5172413793103449,0.35427435387673967,0.5427865612648222,0.5154761904761904,0.5172686025408348
A05,0.6206896551724138,0.49465346534653465,0.6154927760577916,0.6226190476190476,0.6083085664335665
A06,0.41379310344827586,0.2190099009900992,0.4212719298245614,0.4166666666666667,0.4147500647500647
A07,0.7586206896551724,0.6782884310618067,0.7595238095238095,0.7595238095238095,0.7586206896551724
A08,0.8275862068965517,0.7699325664418881,0.834787087912088,0.8297619047619047,0.831784434203789
A09,0.7758620689655172,0.7012678288431062,0.7944444444444445,0.7761904761904762,0.7719289044289044
